num_coeffs,device,duration(s)
1,cpu,0.000556972
44,cpu,0.001795699
1,cpu,0.000170699
44,cpu,0.001861921
1,cpu,0.00046464
44,cpu,0.00168329
1,cpu,0.000264709
31,cpu,0.002834782
1,cpu,0.000215587
31,cpu,0.002169269
1,cpu,0.000159859
31,cpu,0.001976157
1,cpu,0.000306812
31,cpu,0.001979439
1,cpu,0.00016226
31,cpu,0.002031837
1,cpu,0.000279728
37,cpu,0.002474189
1,cpu,0.000161596
45,cpu,0.001663283
1,cpu,0.000154992
31,cpu,0.001936178
1,cpu,0.000154933
31,cpu,0.002175439
1,cpu,0.000156542
31,cpu,0.002077826
1,cpu,0.000155564
31,cpu,0.002059271
1,cpu,0.000163011
31,cpu,0.002089203
1,cpu,0.000186728
31,cpu,0.00150756
1,cpu,0.000154596
31,cpu,0.002074418
1,cpu,0.000154577
31,cpu,0.001623252
1,cpu,0.00015485
31,cpu,0.002167027
1,cpu,0.000155848
31,cpu,0.001909201
1,cpu,0.000154905
33,cpu,0.001837043
1,cpu,0.000155114
71,cpu,0.001997427
1,cpu,0.000155753
31,cpu,0.001938349
1,cpu,0.000163608
31,cpu,0.001591113
1,cpu,0.000170517
31,cpu,0.001801603
1,cpu,0.000159711
31,cpu,0.00179824
1,cpu,0.00018226
31,cpu,0.001696844
1,cpu,0.00016061
31,cpu,0.002028193
1,cpu,0.000160004
31,cpu,0.001671676
1,cpu,0.00016538
31,cpu,0.00232858
1,cpu,0.000167974
31,cpu,0.003186157
1,cpu,0.000207899
31,cpu,0.002947461
1,cpu,0.000257814
37,cpu,0.00353057
1,cpu,0.000160319
45,cpu,0.001541566
1,cpu,0.000155448
31,cpu,0.001961264
1,cpu,0.000154722
31,cpu,0.001910271
1,cpu,0.000155692
31,cpu,0.001534693
1,cpu,0.000155402
31,cpu,0.002232179
1,cpu,0.000167387
31,cpu,0.002062633
1,cpu,0.000155389
31,cpu,0.001960772
1,cpu,0.000155981
31,cpu,0.00156734
1,cpu,0.00015592
37,cpu,0.001488482
1,cpu,0.000156946
31,cpu,0.002022279
1,cpu,0.000155582
31,cpu,0.001544008
1,cpu,0.000155169
31,cpu,0.00160833
1,cpu,0.000159574
31,cpu,0.00161729
1,cpu,0.000198353
31,cpu,0.002095763
1,cpu,0.000154639
31,cpu,0.002066441
1,cpu,0.000160996
31,cpu,0.001658091
1,cpu,0.000161517
31,cpu,0.001719305
1,cpu,0.000165532
31,cpu,0.002043868
1,cpu,0.000159743
37,cpu,0.00182237
1,cpu,0.000163154
45,cpu,0.002102356
1,cpu,0.000155507
31,cpu,0.001970259
1,cpu,0.000159688
31,cpu,0.002356376
1,cpu,0.000162187
31,cpu,0.001824188
1,cpu,0.000154869
31,cpu,0.001966137
1,cpu,0.000160204
31,cpu,0.001504168
1,cpu,0.000160426
31,cpu,0.001709026
1,cpu,0.000155118
31,cpu,0.001462801
1,cpu,0.000155464
31,cpu,0.001692835
1,cpu,0.000156156
31,cpu,0.002113248
1,cpu,0.000165118
31,cpu,0.002318289
1,cpu,0.000160665
33,cpu,0.001685632
1,cpu,0.00015643
71,cpu,0.002065875
1,cpu,0.000155006
31,cpu,0.001569856
1,cpu,0.000160879
31,cpu,0.001558882
1,cpu,0.000161388
31,cpu,0.001445284
1,cpu,0.000155948
31,cpu,0.001771252
1,cpu,0.000156109
31,cpu,0.001637634
1,cpu,0.000199628
31,cpu,0.001901185
1,cpu,0.000154561
31,cpu,0.002139912
1,cpu,0.000155508
31,cpu,0.001775924
1,cpu,0.000156713
31,cpu,0.001884554
1,cpu,0.000155147
31,cpu,0.002043147
1,cpu,0.000162383
37,cpu,0.001832334
1,cpu,0.000201247
45,cpu,0.001448578
1,cpu,0.000155793
31,cpu,0.001964343
1,cpu,0.0001556
31,cpu,0.001897542
1,cpu,0.000154915
31,cpu,0.002379893
1,cpu,0.000156377
31,cpu,0.001810156
1,cpu,0.000155365
31,cpu,0.002142534
1,cpu,0.000155044
31,cpu,0.001846444
1,cpu,0.000159836
31,cpu,0.001504524
1,cpu,0.000156355
37,cpu,0.002304403
1,cpu,0.000154714
31,cpu,0.002191586
1,cpu,0.000169305
31,cpu,0.001995035
1,cpu,0.000163022
31,cpu,0.001802147
1,cpu,0.000161425
31,cpu,0.001879012
1,cpu,0.000317975
31,cpu,0.002480693
1,cpu,0.000161175
31,cpu,0.002062076
1,cpu,0.000156343
31,cpu,0.00223244
1,cpu,0.000297301
31,cpu,0.002029918
1,cpu,0.000302282
31,cpu,0.001967429
1,cpu,0.000161769
37,cpu,0.002396197
1,cpu,0.000166187
45,cpu,0.001711956
1,cpu,0.000154667
31,cpu,0.002092936
1,cpu,0.000157696
31,cpu,0.001803197
1,cpu,0.000174302
31,cpu,0.002459491
1,cpu,0.000297866
31,cpu,0.001993749
1,cpu,0.000162317
31,cpu,0.002018708
1,cpu,0.000162782
31,cpu,0.001914103
1,cpu,0.000161253
31,cpu,0.001665378
1,cpu,0.000162245
31,cpu,0.001952205
1,cpu,0.000162047
31,cpu,0.001561775
1,cpu,0.000160889
31,cpu,0.002359702
1,cpu,0.00015739
33,cpu,0.001746944
1,cpu,0.000159423
71,cpu,0.001673074
1,cpu,0.000166245
31,cpu,0.001692288
1,cpu,0.000161143
31,cpu,0.002125812
1,cpu,0.00015637
31,cpu,0.001884152
1,cpu,0.000154317
31,cpu,0.00145287
1,cpu,0.000155375
31,cpu,0.001878099
1,cpu,0.000160581
31,cpu,0.001645008
1,cpu,0.000160936
31,cpu,0.00214172
1,cpu,0.000155786
31,cpu,0.002019957
1,cpu,0.000161317
31,cpu,0.001877719
1,cpu,0.000156717
31,cpu,0.00176263
1,cpu,0.000172076
37,cpu,0.001773113
1,cpu,0.000160931
45,cpu,0.001954815
1,cpu,0.000160776
31,cpu,0.001981122
1,cpu,0.000160094
31,cpu,0.001759986
1,cpu,0.000161497
31,cpu,0.002036283
1,cpu,0.000161472
31,cpu,0.001671145
1,cpu,0.000169253
31,cpu,0.002248036
1,cpu,0.000190818
31,cpu,0.002380628
1,cpu,0.000156574
31,cpu,0.001725882
1,cpu,0.00015695
37,cpu,0.001824937
1,cpu,0.000159733
31,cpu,0.001622633
1,cpu,0.000155865
31,cpu,0.001661639
1,cpu,0.000160353
31,cpu,0.002234526
1,cpu,0.000154727
31,cpu,0.002131082
1,cpu,0.000174717
31,cpu,0.001719471
1,cpu,0.000160567
31,cpu,0.001639467
1,cpu,0.000160951
31,cpu,0.002184094
1,cpu,0.000157923
31,cpu,0.001433929
1,cpu,0.000205785
31,cpu,0.002205698
1,cpu,0.000165282
37,cpu,0.00239197
1,cpu,0.000154776
45,cpu,0.001484092
1,cpu,0.000155396
31,cpu,0.002558022
1,cpu,0.000208321
31,cpu,0.001524568
1,cpu,0.000162403
31,cpu,0.001989943
1,cpu,0.000161048
31,cpu,0.002364759
1,cpu,0.000160747
31,cpu,0.002429028
1,cpu,0.000155689
31,cpu,0.001662934
1,cpu,0.000160205
31,cpu,0.001749049
1,cpu,0.000156182
31,cpu,0.001539388
1,cpu,0.000162102
31,cpu,0.001710287
1,cpu,0.000155043
31,cpu,0.002193976
1,cpu,0.000156043
33,cpu,0.001744068
1,cpu,0.00015499
71,cpu,0.001627347
1,cpu,0.000171999
31,cpu,0.001658955
1,cpu,0.000154936
31,cpu,0.001417796
1,cpu,0.000160808
31,cpu,0.002342851
1,cpu,0.00016044
31,cpu,0.002201739
1,cpu,0.000156472
31,cpu,0.002125819
1,cpu,0.000178504
31,cpu,0.002157139
1,cpu,0.000157243
31,cpu,0.002031508
1,cpu,0.00015526
31,cpu,0.001529819
1,cpu,0.000156151
31,cpu,0.002002284
1,cpu,0.000295593
31,cpu,0.002099983
1,cpu,0.000304807
37,cpu,0.002612331
1,cpu,0.000161043
45,cpu,0.00173062
1,cpu,0.00016012
31,cpu,0.00184814
1,cpu,0.000160565
31,cpu,0.002036242
1,cpu,0.000155246
31,cpu,0.001507654
1,cpu,0.000155416
31,cpu,0.001638072
1,cpu,0.000156104
31,cpu,0.001994236
1,cpu,0.000155191
31,cpu,0.001542776
1,cpu,0.000156326
31,cpu,0.001973678
1,cpu,0.000155463
37,cpu,0.002532978
1,cpu,0.000154952
31,cpu,0.001498157
1,cpu,0.000155789
31,cpu,0.002248484
1,cpu,0.000156857
31,cpu,0.002081574
1,cpu,0.000301266
31,cpu,0.002285018
1,cpu,0.00029928
31,cpu,0.002703107
1,cpu,0.000173133
31,cpu,0.002428357
1,cpu,0.000168508
31,cpu,0.00217554
1,cpu,0.000162103
31,cpu,0.00206904
1,cpu,0.000170982
31,cpu,0.001807452
1,cpu,0.000170792
37,cpu,0.001940991
1,cpu,0.000157304
45,cpu,0.002040973
1,cpu,0.00016043
31,cpu,0.00188313
